Date,AAPL,BA,CVX,DIS,IBM,INTC,JNJ,KO,MCD,MSFT,NKE,PG,^GSPC
2019-02-22,0.014852208173083423,0.014441682502428478,0.00033510095398317394,0.02335081558885332,0.008799833216708292,0.015938925699009027,0.0016118473057806684,0.0008837163535379153,0.017624496563713857,0.02935532947866231,-0.007288089196647077,0.017813553847442813,0.006131124177114942
2019-02-15,5.8645071996055234e-05,0.03174483193869176,0.02494350015974719,0.009638575375023193,0.03179771761200693,0.056134138425190404,0.02961754556908717,-0.08999097411806094,0.029433794775673313,0.023845152290303425,0.036011951891375994,0.007849614617351052,0.024700977636231948
2019-02-08,0.02737149769673083,0.049140895319932765,-0.006696335843419944,0.0018850056772048219,0.00867135161598422,0.008573482052099735,-0.013503603997200441,0.016293618952219754,-0.011210183656611089,0.027730305984018187,0.010374157658172522,0.0024592491131991256,0.0004986153800339721
2019-02-01,0.05404056442908611,0.06183196814172455,0.04448249467660203,0.0018886376488877524,0.0009699504240364838,0.035296465962305304,0.045505706905811114,0.027689954797172123,-0.04036919283845482,-0.04182557626367405,0.01110301294231432,0.04051428649266073,0.015553381304669319
2019-01-25,0.00597616485225177,-0.0014541680472762613,-0.010105997091641053,0.0004501418225309514,0.07878701165357223,-0.04469198924329161,-0.019002626635258504,-0.00505374838516531,0.007802058142109293,-0.0050260753979331505,0.0019868875527690576,0.023566111089477856,-0.0022303390324746237
2019-01-18,0.029312224174578405,0.03297264715285007,0.016130116735066195,-0.014395178868100829,0.01924388459591487,0.005299638766258982,0.007218599866335979,0.005687240124580057,0.0010961364549259111,0.04665702108203954,0.05637630537694756,0.0040570044367930855,0.028272388300819334
2019-01-11,0.026819091343040904,0.07597998943448182,0.015401441072556303,0.027357064281471857,0.03467977644060242,0.03557310615442731,0.014908250220288116,-0.004846706358352205,0.022682220542749494,0.008499076529852295,0.018448979994307967,-0.00781514932683615,0.025086167745253206
2019-01-04,-0.05236185808030541,0.03326067340193735,0.01977558902916556,0.02129994275524121,0.0372519843773508,0.010003305476418485,0.00439048139368808,0.0078083966662398675,0.015374489041284363,0.015223661970420119,0.017704442674211587,0.014264964738618297,0.01841538610010222
2018-12-28,0.03583914853656689,0.038108772493040226,0.04172362547717674,0.02912461851949004,0.018663725195876894,0.041713713813154155,-0.006422320182979523,-0.00780839666623992,0.00806389106896475,0.021750886543228022,0.013314217771005724,0.002305780878983081,0.028200479834375965
2018-12-21,-0.09336019218049706,-0.04557184881637781,-0.08829803532413065,-0.07377890727447178,-0.07766851909594698,-0.06517953113152043,-0.03761601760675245,-0.03653280065702056,-0.05115259743395876,-0.07641033265354956,-0.0022083652562461748,-0.06046291598276263,-0.07312227714484948
2018-12-14,-0.018026156135778244,-0.013926131250903629,-0.014477837413807676,0.0019626556393825844,0.004681504652461902,0.034434812443023245,-0.0893456948347414,0.005079763031249472,0.0018019718186564747,0.011477504348625963,-0.011105852514759516,0.044324774576572364,-0.012662098041787133
2018-12-07,-0.05816024849858538,-0.07029969194938232,-0.02943521382855301,-0.023136804171774345,-0.0404800732231051,-0.06428167349740506,-0.010057219279223926,-0.026335866689900643,-0.029883441380774735,-0.056294144930039584,-0.02398076673342678,-0.022037736629503483,-0.047137950507420104
2018-11-30,0.03585765892029989,0.1046046112554905,0.045935679254580926,0.029971025765088144,0.05866006617511922,0.057814813554521526,0.03865455293896516,0.03563926608649042,0.04167711245247647,0.07313033035633497,0.05249304758237311,0.03192960380308697,0.04733546457528688
2018-11-23,-0.11625350367304715,-0.07293400390102345,-0.04694407658014885,-0.03601391334576777,-0.036693643311922736,-0.04803274280558321,-0.026092755707165186,-0.023188826552469156,-0.030636793605726097,-0.04940442830400041,-0.04445780316245127,-0.024602001819663124,-0.038638907210388186
2018-11-16,-0.05498872075111617,-0.09475526017923902,0.005953172177402098,-0.015457821593771034,-0.0160748325915477,0.014854823848660851,0.00446231524798145,0.009814807106554586,0.00883463571811356,-0.007440007333437441,-0.021443656729726552,0.015142827922536312,-0.01621848825893311
2018-11-09,-0.011130500497501045,0.03649030733679329,0.04081848127568213,0.02418849898969902,0.0784795999416699,0.027278262207788118,0.032588099859418206,0.03440145806228465,0.05068778455638108,0.031616195861346306,-0.0028768954759526904,0.02853895535574075,0.021057905033601013
2018-11-02,-0.04163140124505001,-0.004239725378178426,0.028287932160290432,0.01742832680170071,-0.07589105545157028,0.03060587522153548,0.026725769271443524,0.04430027579746977,0.019481317679028828,-0.007507501263070933,0.060698046286604114,0.021951632974542244,0.02392277154589377
2018-10-26,-0.013819992334977355,0.008413347093120924,-0.057576714326770466,-0.04921501623477209,-0.033955006625948365,0.03768985252024765,-0.015071618838457024,-0.008889027638683497,0.034331266824961446,-0.015768853269107524,-0.02926104302506431,0.006394145907026817,-0.04021206721514163
2018-10-19,-0.01268651169995975,-0.010748722547702564,0.0031367727558379143,0.054352337650524184,-0.08710817612976945,-0.019802709880375285,0.03796447592203955,0.03626370434902309,0.022155388399799063,-0.008339841329167853,-0.02264951454929025,0.10794329269750043,0.00023492559529497125
2018-10-12,-0.009767054064464811,-0.07064468100021684,-0.06221666337987394,-0.01908672781828425,-0.05645211323924051,-0.04679335533435875,-0.038323989756667495,-0.02650333068655783,-0.01664734109031624,-0.0230953573065642,-0.0539770683623961,-0.038339719865691936,-0.0419118379569694
2018-10-05,-0.0064440791380122745,0.03842918793183345,0.02463674763099198,-0.018643770371952657,-0.014522074973094995,-0.005513191624710222,0.006708308649044725,-0.006733946961868461,-0.00431312550502385,-0.019779876745601117,-0.05582620304932044,-0.013061063213110676,-0.009797359800673956
2018-09-28,0.03644967222646589,-0.0008869468349707153,0.009449187543075195,0.057550854323392416,-0.0009254008012246766,0.01341157544071425,-0.03352037674746085,-0.008408021479013318,0.011966798603768754,0.0009622617136153673,-0.009749313807696513,-0.030644158381749567,-0.00536992460744799
2018-09-21,-0.027997184883548354,0.033963671070022246,0.031447853800270265,0.010379767401582474,0.020155629497168995,0.024296178964502434,0.024012174702299546,0.012747322953153617,0.027351916852529135,0.007819790071160486,0.024374198930056424,0.02608885046041538,0.008463263361597894
2018-09-14,0.011412178241349198,0.029674374707981843,0.023968661250503936,-0.015529530901576629,0.01960706787235772,-0.019785404394464082,0.01567892468407851,0.014358089154732655,-0.01884640500238506,0.04658299124983466,0.03895721170663802,0.020542039466170725,0.011529298027954622
2018-09-07,-0.028202255838033825,0.018755909571107354,-0.03312757481842947,-0.009417513260165898,-0.007056457653294041,-0.04174297207293723,0.019338230503547594,0.025474864388947603,0.010241377557404834,-0.03736724071609613,-0.023385605377696687,-0.012616899269062709,-0.010337543818186678
2018-08-31,0.051702679626654924,-0.01904222161599207,-0.004632146426248371,0.0008037755037795009,0.003008317432771885,0.016027051879450496,-0.0026692759589165864,-0.02350437102480012,0.02394709870558162,0.03561287208515683,-0.0005767112211363868,-0.004930601273931937,0.009289922679340017
2018-08-24,-0.006547759353043805,0.008565984418498719,0.010219189440107142,-0.004901845278260989,-0.0001370163285242997,0.011819501306459614,0.01094610414182608,-0.02103506240171474,-0.011044271873145923,0.007593353417775753,0.0332952038286367,-0.003950882606172849,0.008580255600156192
2018-08-17,0.04729070846854942,0.020385466211242074,-0.03641469888579233,-0.0017764648372536444,0.010876507436152906,-0.036481424296497936,0.028054080074714563,0.011221460706459735,0.015446044313611757,-0.009272226661353869,-0.012213535365384613,0.027375811513013354,0.005929504867527063
2018-08-10,0.0012868088954446275,-0.021328253664218314,-0.005740025397894413,-0.012435604184069995,-0.011296411618401319,-0.009778064622689854,-0.00913593149838879,-0.011650646348134694,0.01568817806411653,0.008846438228913293,0.024959019212874745,-0.010991926579072737,-0.002492257162097183
2018-08-03,0.08532141740330126,-0.034441821782452184,-0.015359064797205965,0.012968234722619362,0.017415580268220484,0.04008356305677022,0.0030360511528871705,0.008833442999592146,-0.008097072974835745,0.0033376741087191675,0.02377549368604885,0.02148514915922455,0.007608936732216704
2018-07-27,-0.002405819026979563,0.016071823214065178,0.029812108169700386,0.010174122900525781,-0.00823338454212751,-0.08499953634290408,0.04429621144607229,0.020330782879259032,-0.0031067948213383233,0.013180798886378943,-0.0009099334169424311,0.023861517638429385,0.006045578823067116
2018-07-20,0.0005747368516737265,0.0116482651828423,-0.014372423706722766,0.013364805967677224,0.0030796374773133985,-0.005954064887123711,-0.0006355114917182586,0.011997439990140583,-0.0034125048835146805,0.007935787545417865,-0.005442593048697741,0.0010619675216235322,0.00018561698932334234
2018-07-13,0.017717259778106727,0.04713238707614593,-0.0008057882025183252,0.04861748484873105,0.023719785874494134,0.016411198806707994,0.0014304208892546384,0.002237691602201198,-0.005724498552997269,0.04134380509432386,0.011699004583052655,0.0,0.014921701124265808
2018-07-06,0.015332166707082763,-0.002596394387948733,-0.018278849906168793,0.007719912055162181,0.01970433631810997,0.032848196875057314,0.03569932443449363,0.01762756595637249,0.017272843773187763,0.02553071714847474,-0.04098928138812417,0.01588641332197206,0.015133005838635935
2018-06-29,0.0010270810593175814,-0.010082805030087042,0.010575421724173044,-0.01449226489454794,-0.011246480157093815,-0.05460702250723268,-0.012286198509369729,0.014005492904004501,-0.04894517549071905,-0.0180891252095121,0.08168606953974511,0.008103459914037917,-0.013341363005702626
2018-06-22,-0.02097682522600032,-0.05446309213553911,0.008509216384513909,-0.023329344676551626,-0.02867589420674495,-0.048517997317219105,0.0018741373171055435,-0.019915910502722744,-0.011540500955214904,0.0027924341747146,-0.032293300473621896,0.0006461303903362646,-0.008954744388842618
2018-06-15,-0.015031584104906112,-0.031952995747754356,-0.01916373382641252,0.045772177021066396,-0.005145375337237008,0.0010893236283046348,-0.01175676422374005,0.012727195023726042,-0.0146109820551366,-0.014869303576423845,0.012471935064294708,0.002587906862059908,0.00022663001872078365
2018-06-08,0.007645146894975313,0.03519957537866491,0.02069671874033443,0.04544894963774859,0.02909017471378141,-0.03621200363800131,0.022828317916833023,0.01906577557413485,0.05945597373204274,0.008299530078789316,0.028987557403686665,0.049535372717858496,0.016109427052745
2018-06-01,0.008764170745078159,-0.009402896083800601,0.013493922626281808,-0.02818199948887862,-0.011835288138862875,0.029152546586290757,-0.0017303286268361504,0.016838432881851773,-0.018795576387438,0.024404945500312754,0.009823411688230472,-0.011640603951237193,0.004871769283305414
2018-05-25,0.012110330113793501,0.024912757343748183,-0.04535870485394704,-0.01678591910848067,-0.0030585923821429923,0.03561964026975687,-0.015158610412533984,0.005202297399788549,0.013757650562444334,0.020543040853318217,0.012955547966274837,0.011640603951237241,0.003076794994686856
2018-05-18,-0.01216335662897244,0.02528641169754846,-0.006684764049310974,0.018058717464177802,-0.0004163474298123816,-0.021633408907186638,-0.023859904562782256,0.0009487160402119285,-0.02702614229610209,-0.009485365164876056,0.04136539377179807,0.0010897138204811567,-0.005422119728918449
2018-05-11,0.029412628844567756,0.028703371746792442,0.033758191592436655,0.009054299703711135,0.012636859390896166,0.03518277552910216,0.024262413139271063,-0.005207052941083837,0.002178969657500444,0.026341899818180973,0.0048341152749973235,0.012894683218130242,0.023855102814838776
2018-05-04,0.12444164301284,-0.019102985652599498,-0.008645703973627402,0.019164103838552972,-0.017701092565760964,0.00670264296176528,-0.032324781025875486,-0.02217908407035422,0.04163534195611188,-0.00691178162458588,-0.021212491855414718,-0.005232634809421538,-0.0024337490481273244
2018-04-27,-0.02072979723911541,0.006504313165058235,0.03463171433725264,-0.01012682044492156,0.010845257396640653,0.023020382626463408,0.012631025859511237,-0.009879439304391521,-0.0029647301453233203,0.008594627304996943,0.051172389724624116,-0.013505627123392514,-8.613440268920659e-05
2018-04-20,-0.05294241080865217,0.02811776615960356,0.019733884944270235,-0.001096775696678125,-0.07835323259901301,-0.0063837329395326145,-0.030785925821197224,-0.01745076255863786,-0.018471559815914064,0.020417468187703628,-0.017399694565635615,-0.0508687440798181,0.0051966699320902835
2018-04-13,0.037018517526704174,0.0096430526418443,0.04398183301065375,0.0,0.03996880152370108,0.06102239737717549,0.01948106381649052,0.013343989158056154,0.0029722860044113604,0.031097328721270315,-0.0044509392454275916,-0.0007651682489245973,0.01970500701311405
2018-04-06,0.003569842651007487,-0.00538231033925505,0.006293765713586054,-0.0008965186338891028,-0.018816259743925614,-0.06525561899132573,-0.0003901614571613158,0.01121939804818933,0.03066707300207681,-0.011460168322729584,0.016568679090763525,-0.010779502201061605,-0.013879264151735852
2018-03-30,0.017071860154872553,0.021206556675708758,0.009338443795494566,0.01909802571577617,0.030036579333618776,0.053640690628119256,0.024088033074059743,0.025654315014853605,0.008992837038285654,0.045847290032187904,0.027620724668403585,0.043437426463908475,0.02012261349354207
2018-03-23,-0.07631415799496434,-0.0290747286643694,-0.021193563412742894,-0.04300353597742835,-0.07358959766929149,-0.03601299119222818,-0.066335394478161,-0.02634488908896727,-0.04652004551791189,-0.0816826253003711,-0.01961161279832927,-0.03951962188823837,-0.0613457182845008
2018-03-16,-0.010949833644784666,-0.07024889910598658,-0.015648138681095755,-0.0179195287845362,0.005945441225301232,-0.01973756000541287,-0.0008974218429958281,-0.022024661642037886,0.032042711194933744,-0.02029996438930875,-0.00589972230715702,-0.016577035929055118,-0.01247991581523499
2018-03-09,0.02116918410143156,0.0281772851138929,0.04877305381158865,0.016753705713476303,0.03072257681764211,0.06347882786681032,0.03793007629921021,0.02484867434794386,0.05873834338744014,0.03682042870384009,0.0062033285933988285,0.009888012372734355,0.03480570353793254
2018-03-02,0.004037544625328495,-0.03419549297770298,-0.008473406106105882,-0.04053069071507368,-0.006644900639759148,0.025852074452854264,-0.01815429926713245,-0.007292664945387506,-0.08877689552441878,-0.010795870883051445,-0.030851023612430056,-0.019309240141770517,-0.020612859336735363
2018-02-23,0.017647611687251555,0.004552502724728465,0.004004749111300583,0.006736018394726135,-0.0042348353550673325,0.04652992204760141,-0.008522872574841146,-0.021119576557817085,0.03285328587491248,0.022144341820982832,-0.002051985951585277,-0.018943244864404084,0.0055041740944551006
2018-02-16,0.09751052108887978,0.06459876285664318,-0.0021492609729526525,0.03282421488952403,0.0436458777272393,0.035977503608911776,0.02756380174362898,0.041999235219045146,-0.018896321748609952,0.04709476961039983,0.042012416331595824,0.03298352967158713,0.04211188893710243
2018-02-09,-0.021744215213517187,-0.042258096047947905,-0.04378502007810154,-0.05298941611819058,-0.05193185590202746,-0.042083091153478594,-0.061019717266659564,-0.08016749279007374,-0.051983325522853,-0.040014033637238065,-0.02607341004082537,-0.052762503531173365,-0.05299951286174408
2018-02-02,-0.06634753742803427,0.016442372611916133,-0.10105878265020772,-0.031602091490697336,-0.05093492809974444,-0.08172478379625304,-0.054074749784896806,-0.03779582567382855,-0.05165934470037142,-0.024538588319401644,-0.012124898359003145,-0.040475397107182634,-0.039309491967079724
2018-01-26,-0.039723106916408,0.016124827328982853,-0.0008381776856294623,0.014364219206051182,0.030150103997721885,0.11096742448991338,-0.013871776537703594,0.02863597262083723,0.01263851622963395,0.04412325462037366,0.01227354986742167,-0.0373644169617784,0.022020314181696175
2018-01-19,0.007706447542279897,0.004510846103446901,-0.017365418903784773,-0.016856928138830614,-0.004731058663404095,0.035888506615258206,0.010917290028335988,0.021649196957349178,0.014584506204029462,0.004454222236975538,0.03852480049867921,0.02375164597305514,0.008598243579693679
2018-01-12,0.011872102154550182,0.08491263097272668,0.043601502803038684,0.007586331857362479,0.0039921148121841304,-0.0341020575856867,0.028178634582171038,0.0017349468681227501,-0.002761701815384702,0.015861828593779385,0.01072689210454515,-0.01802659506389152,0.015586153682244063
2018-01-05,0.03352718229126461,0.046153096293418835,0.02141610535196889,0.03751632797067117,0.057437303890388765,-0.03124559241480394,0.014142327888826028,0.004132568930194326,0.011150766992348935,0.03050954325801667,0.022604280765925668,-0.006989886595278955,0.02567720023872666
2017-12-29,-0.033584241878637566,-0.0006439969306386214,0.0016789286099489198,-0.010731820228010029,0.006014703153886261,-0.011630608337245128,-0.002858653021933381,0.006340961258463075,0.004075304730542291,0.00035070184628420274,-0.011761073620852913,-0.002717165476496237,-0.0036326608781979777
2017-12-22,0.005960194383111963,0.003938524580595397,0.04291440607291366,-0.023643874457401338,0.0,0.046907661079656174,-0.01656222052869576,-0.013074823029612695,-0.015283324520265507,-0.015549115115772118,-0.02342389916465921,0.0026082624952949852,0.0028101597263886775
2017-12-15,0.026797270879658632,0.02773356721328409,-0.0015855123247622985,0.06535954835375295,-0.015033980850175273,0.027529768289163026,0.013213511253114341,0.019235401494632175,0.0052417301679360115,0.03146264293121454,0.05537138703856539,0.016679857496291178,0.009126642704838511
2017-12-08,-0.009870261380997345,0.052122111238649654,0.0034247808880410666,-0.0017262269109972856,0.00032304011446542555,-0.03021932900045424,0.004348271857695215,-0.01446122862346605,0.001618326328671645,-0.001187382449954689,0.02343727084404168,0.00011056158965269664,0.003506055687497186
2017-12-01,-0.022658765390502548,0.020474930492892694,0.02542288507355411,0.025110791249872106,0.019048268946535222,-0.0015654783317743213,0.02027862367720891,0.010124810181816726,0.027934344942711454,0.011938952670511765,0.012711680709164121,0.021364433813692223,0.015177710518531203
2017-11-24,0.02793420183359662,0.01370865943010621,0.015569995182798781,-0.0077640083768701395,0.01908225060909432,0.0026852554387564558,7.232883373229353e-05,0.0037122536532088715,0.014233632206102928,0.010382759155074929,0.0021940060923690365,0.00022620757680170056,0.009098150258181698
2017-11-17,-0.026217995938364942,0.005390845234401889,-0.011986412581066962,-0.012871167834812914,-0.0012746383410924618,-0.021062679591726474,-0.011240868574738782,-0.017994998528925155,0.006800854041798048,-0.012673019475859365,0.05379488360005018,0.003057726333218422,-0.0013368925203005567
2017-11-10,0.01608964299066532,0.0019169911253139127,0.018866108435972855,0.06038609041190942,-0.006148217023839456,-0.010638771607816103,-0.0037192060300713574,0.012323024390981398,-0.01831062904861836,-0.0032139841104401688,0.006798036090219599,0.018084608381056435,-0.0021430912793751157
2017-11-03,0.056340248555905484,0.02041728707551564,0.012689841844776152,0.003351124546352313,-0.013758939159571153,0.042766090400855196,-0.012062763523402612,-0.0021728792898770047,0.01951919192834466,0.0039296241087044105,-0.0044775394081242505,-0.005298926378100149,0.0026195169453236433
2017-10-27,0.04259978299182521,-0.03181337105046507,-0.04393845050142997,-0.011026439460946993,-0.053155830418450546,0.09366743208074045,-0.004363485789315772,-0.0067063534604726366,-0.005487153781144083,0.0615125375385269,0.053213800431579666,-0.013805896320582382,0.0022729989411254636
2017-10-20,-0.004724835094063273,0.01526217045247384,-0.0043734387185301515,0.02053129799311014,0.09691569419195692,0.018976820695377063,0.04282848949671891,0.00432146197108599,0.005608109777470022,0.016890945645363135,0.03999003064151938,-0.045394632854003865,0.008595375224421158
2017-10-13,0.010823333440446836,0.00831883740451069,0.01803682883118796,-0.027249083413282103,0.004223621648642842,0.0010087127825615277,0.023809699760201624,0.015054290050538611,0.0355144940191797,0.019415515509417003,-0.027854879447794443,0.007660366911856262,0.0015050836746141121
2017-10-06,0.007627261373766264,0.017044290191607466,-0.004007989188071539,0.015102947310056758,0.009603551263725129,0.03989731536529482,0.02439050502303221,0.010607865974057247,0.018465430001745855,0.020068407174278356,0.010933281911493413,0.014729354267107662,0.011825666659960581
2017-09-29,0.014574822883794605,-0.008773063599005222,0.0017887964104835981,-0.0003043159586991117,-0.0003445531639818509,0.023918104430441033,-0.010558626519413337,-0.010607865974057183,-0.014132608259849275,0.0010746299752528393,-0.026455209052311048,-0.013754141141479586,0.006826617239367865
2017-09-22,-0.0512669197938966,0.029480883772735125,0.022939979633601972,0.0008117947980195234,0.0021384201746562294,0.004853218185708233,-0.023022377571564404,-0.01505429005053851,0.012601817648981438,-0.01202254785568977,-0.011763564237643713,-0.011104515901391976,0.0007956066025498716
2017-09-15,0.007849013332402987,0.041910325933663936,0.03416325830001179,0.014827154216098247,0.016500435874187477,0.050155846975902585,0.026147615702571056,0.0053303983129825636,-0.01762350700579966,0.01781814195037882,0.03149114835281454,0.004621002563261852,0.015640265401958866
2017-09-08,-0.033596756025751434,-0.0064703921293405705,0.01840269740587363,-0.04462645532375752,-0.01137751651047312,0.0028458225595590766,-0.0003816226249184116,0.011294772447428606,-0.0006257513793880494,0.000540715126821035,-0.021978844602187575,0.003344541206327002,-0.0061240281707106
2017-09-01,0.025872922721390797,0.018647382980017578,0.004884975781224924,-0.008925591989891755,0.002362602516686772,0.012041551488386546,-0.004948302546455354,0.0045976477598922245,0.012129293974238349,0.015263542186803298,-0.0066387589078174885,0.00021611306601552539,0.013619203649464081
2017-08-25,0.01487286654176208,0.000508820541410648,0.01630147246357181,0.01683858494631595,0.028508670421241233,-0.009759030167543481,-0.0008475844244904832,-0.002192041900928362,0.006696735337031661,0.004541866630301747,-0.019293086469703888,0.0004323662970908964,0.007188955763843824
2017-08-18,0.00012697430997172404,0.0037820715565015073,-0.015501381701727254,-0.012728944791646121,-0.015202161927889597,-0.024267701002618002,-0.003537541042583604,0.0017531567028655735,0.002919948426100693,0.005175832677570548,-0.07060515808192586,0.012295659392277579,-0.006480581487979767
2017-08-11,0.010864920891575683,-0.006030168754094485,-0.008024046086926634,-0.05438195690277502,-0.012626958247837803,-0.011916219192943365,-0.000600714840895428,0.0019760283595852794,0.022371631256295012,-0.002479609031430002,-0.013307597291816783,0.007362181665508561,-0.014440643748309051
2017-08-04,0.045056473059753355,-0.014865229406957208,0.018238144816069918,-0.020859960198668974,0.006011542674830308,0.03511628304909019,0.010036621890056788,-0.011146297911169363,-0.013110771143327184,-0.004941046419706683,0.018407995361234476,0.005086370181371679,0.001911516740800324
2017-07-28,-0.005137520260756573,0.12867020228049394,0.0460884441241918,0.026447099893609115,-0.01915139381641175,0.016562346637287763,-0.02590342078506852,0.02152970165459332,0.012461015122526505,-0.010215985314091671,-0.021582414278942544,0.017895460278935727,-0.0001779466205716644
2017-07-21,0.008219231855303084,0.017259519586319317,-0.0114593921003734,0.018852497407881717,-0.04753339914198011,0.001440800913247707,0.02023126953784714,0.007802901198576091,-0.008796983612669422,0.013782041328085567,0.03306793913803593,0.024998063696794876,0.005381412043758847
2017-07-14,0.03315222117651271,0.029889337151827868,0.009137688102026273,0.016986049585368784,0.008464168526835026,0.023338305086707308,0.00045277926076353104,0.006511801929509937,-0.0063553256057594,0.04669020420661884,0.00034478835835482656,-0.006294760753619668,0.013958845671154655
2017-07-07,0.0011102742746252714,0.023094049814941953,-0.008084068459958417,-0.02055216158071314,-0.005802369584010815,0.004140730945795309,0.0018877562841529525,-0.010309297754230878,0.020102123312320766,0.0076595086376073694,-0.017439307703365194,0.005720840871441418,0.0007301174715033526
2017-06-30,-0.01557054953861466,-0.022401991069658504,-0.006401316682603147,0.01794836300663778,-0.0018187030666830227,-0.01324893431428342,-0.03081501583468197,-0.008879138497405731,-0.009616569981356089,-0.032541712685469036,0.11007979371013857,-0.025713582159454365,-0.006125492338279366
2017-06-23,0.027795893762890128,0.029048500273413762,-0.03140643205204494,-0.010959206246544345,-0.008206875514557904,-0.02939703265157103,0.015363138250674624,-0.0013251700672261418,0.017285009317077344,0.017137895698601916,0.03367325851826008,-0.002680374328053842,0.0021144213614290074
2017-06-16,-0.046085146559075994,0.033175195670075056,0.01816117367330435,-0.001042113929914758,0.008271951364784267,-0.014100529302737861,0.021213664161810246,0.007975314987813436,0.0033611794310746588,-0.004560861446399165,-0.04514930576655734,0.016871301739931188,0.0005672784173752105
2017-06-09,-0.04251216768644079,-0.001051845446489069,0.03140928499565782,-0.01466186189176721,0.013392336935962434,-0.016937935110095708,0.01108502349821806,-0.012498945628029995,-0.014809461249626673,-0.02027122708137748,0.009019305225002026,-0.00486553654550226,-0.002997451500705972
2017-06-02,0.011907268029751552,0.019320072679317426,-0.015493793676362522,-0.011410748937979031,-0.0028895954688374225,0.0016534185080104,0.024592791644164613,0.010955645835851811,0.03181062635349256,0.025403798078617902,0.010791017016020678,0.01524141159572702,0.0095780448548262
2017-05-26,0.003586966960889015,0.03174360687904908,-0.01704261405956216,0.008243497671063119,0.0033499055277153586,0.024003362673218016,0.00597945411216895,0.03337737939573226,0.011476342538874891,0.032984982204851354,0.015715201374332865,0.011643451153586315,0.014211696148297353
2017-05-19,-0.019666974414394564,-0.013681336296687307,0.015392135340006375,-0.019981328452463355,0.010650235655698366,-0.003665543990430249,0.026812908865588344,0.007086623472196348,0.01901185094589934,-0.004426121058551897,-0.045870100975544226,0.0005798792751063947,-0.0038427171227057057
2017-05-12,0.05093812808328738,-0.0019320847488956462,0.0016055231859020396,-0.02075132940275611,-0.02092744952125513,-0.03566387610321802,0.0010520431372705316,-0.002291554854516274,0.009677901577401542,-0.009026192645651934,0.004623250928085571,-0.0035901809676597827,-0.0035030534000614964
2017-05-05,0.0362981876563346,0.0009733363510964725,-0.008565112363703647,-0.03172645751783949,-0.03323684154858169,0.025762322402037276,0.0003238396738442262,0.012436873385018428,0.02839316533658321,0.007856842880121135,-0.02670242200424426,-0.009549721914420118,0.006309258758265591
2017-04-28,0.00965291475628349,0.024370654681013824,0.017108900104161353,0.01008533029777357,-0.0005614099380335725,-0.0046914942197865,0.013946281589233042,0.0018557129079886257,0.047715248583260594,0.030552581895316847,-0.007909283474080327,-0.014663391412830929,0.015005916953864412
2017-04-21,0.008612308263774236,0.026743104390797516,-0.01146991034069176,0.01089446461779608,-0.05548396702978672,0.029903009904545415,-0.026181601807753044,0.006522249029705863,0.0200634861570917,0.022079366241248826,0.009173334133862005,-0.008161807165907104,0.008440199605094349
2017-04-14,-0.01610507024305419,-0.018224756920023618,-0.02568056524762026,0.005492107760037888,-0.015278242757218192,-0.021886555281613266,0.0005600583918107516,0.0042154626145867475,0.006136786250173862,-0.011176983530436104,0.004164947531230552,0.00892564629087996,-0.011352515912232342
2017-04-07,-0.002229931866270533,0.01118910822599894,0.013781863635458717,-0.007169096179624201,-0.0115512901575109,-0.0011093153479010103,0.00296618262567323,0.003997622950810208,0.0026968789454254825,-0.002736459715901592,-0.011187565873040949,-0.006924220184347504,-0.003043468366266906
2017-03-31,0.021245937463989048,0.005897451337196732,-0.005757742029053677,0.011085045508340169,0.0017816682834131,0.025552345963143017,-0.007439084700135539,0.007568703996235692,0.0020854139799740042,0.013451558371850261,-0.011241008616916402,-0.007981404642233209,0.007963154746676774
2017-03-24,0.004632441386798441,-0.024051421283098333,0.0028746066745089223,0.0033944223376801736,-0.010415616354529339,-0.0031236049163973507,-0.020352373797624095,0.0021389373125705715,0.00542670395571946,0.001694291127521364,-0.025229063245590592,-0.004736460356659809,-0.014514592381768712
2017-03-17,0.006090411776373183,0.0078038068284243195,-0.026846523204721244,0.007544561610462172,-0.012334632822442806,-0.01798322638353073,0.014551600665939933,0.002620695772151057,0.005143756365634111,-0.0009244230666891463,0.02398780258727038,-0.0007689284710215368,0.002378481554666789
2017-03-10,-0.004589074825677153,-0.019286700689219956,-0.02623286916290942,-0.0028808503163779042,-0.012406582652662607,0.00027854411815067136,0.019360610071956035,-0.004482736068770068,0.0006252208117867639,0.010528026875386566,-0.00477324116516724,0.0062786582382093545,-0.004424161087533251
2017-03-03,0.022573673353313495,0.02636263104058349,0.0306726794535365,0.008304790171012391,-0.007194267108041806,-0.017396556477081538,0.00859981381683923,0.016615624034818036,0.001486781691266407,-0.005742254642264291,-0.017141120506944954,-0.006059240797490406,0.006643603507814037
2017-02-24,0.006902050978993731,0.02701862971078952,-0.0019052054387442214,0.002359607701333756,0.0037567872158420137,0.001369685639198717,0.03863572424026238,0.013251680571470284,0.006628948276551534,0.0,0.019370611099535084,-0.00043896255233646047,0.006858213169277048
2017-02-17,0.026883344797377917,0.038241509106930145,-0.014827964141732377,0.00729524482884531,0.011075616133257221,0.03174887528108532,0.03092934019450944,0.015890585076409565,0.01561422909662777,0.015684973646661087,0.009382976091351665,0.03485199001324754,0.01502400697616842
2017-02-10,0.027604470706531156,0.03187517526128627,-0.004588994685536564,-0.009473615171389867,0.02401152327589645,-0.032844629625147524,0.013981392444464003,-0.023381399651861243,0.012637212553452341,0.005012508363825754,0.07112969950139227,0.006386196523984357,0.008098058750724448
2017-02-03,0.05682130532874252,-0.03211422644725982,-0.0019353405579158375,0.009107516324219697,-0.008382346535869188,-0.03208621637996376,0.002290580242735405,0.0021689839436762498,0.01116961642709466,-0.03244530192766815,-0.015727320706446828,0.007925156209471531,0.0011889878086798534
2017-01-27,0.0161194273403098,0.04994464817567239,-0.015781312738329445,0.015118361902318307,0.03881461681135827,0.02776484648108532,-0.006768306551415315,0.0031413632039855527,0.004895571597327689,0.04731669651033562,-0.00018804456775217975,-0.008382675064950386,0.010240948897956079
2017-01-20,0.008032104804508776,0.004397654601111335,-0.006724779135236443,-0.0037084828237094864,0.0190008888005399,0.004069006637886396,-0.0039344545293628725,0.010705552823234215,0.0062355498793997335,0.00063772173825701,0.00527716941783491,0.0480194604588238,-0.0014649675560359453
2017-01-13,0.009537952721691086,-0.001698690497252864,-0.003944754381643011,-0.008477896606954303,-0.013002279875158817,0.00846165384489131,-0.014725307128125458,-0.02081885932782897,0.006109210092213878,-0.0022302573961237213,-0.018534704690985115,-0.012068101010834586,-0.0010282436897068488
2017-01-06,0.017884365368546932,0.02173048649741688,-0.007333522362721106,0.04466043477062256,0.021102205588802884,0.005773348602307474,0.00941650048980178,0.006730672511002276,-0.007918194542795784,0.011201951068818668,0.058829116348799906,0.011235167754637064,0.016896551951772306
2016-12-30,-0.006025749931759815,-0.013589316863343845,-0.006098533698070313,-0.008883883451186845,-0.004328138034633382,-0.01911589622693955,-0.006488803830120279,-0.003370947576522543,-0.011598526823309321,-0.017547199360235397,-0.021024763452784163,-0.010411645426270787,-0.01108697426216969
2016-12-23,0.00473141551000289,0.02119775517255799,0.002875151512577579,0.011862810070185243,-0.00011993581748346136,0.018013504379494217,0.0006903135872682617,-0.0033597249344795876,-0.0008118652930276776,0.014975711040426687,0.019255729133259004,0.0033009896638788775,0.0025299208359117523
2016-12-16,0.017571870568402426,-0.012798239410712278,0.019411561145729082,-0.009100944808654164,0.0012603739068972955,0.015263385979124583,0.031737569389808484,-0.006209837475084123,0.016196803465757626,0.005310923702477326,-0.015588691291356017,0.003667619336381541,-0.000646343642411197
2016-12-09,0.036188849400716386,0.02746825576298257,0.024563000184074684,0.07024668317167515,0.03981661481987956,0.04577450864639015,0.0026758228126039347,0.03983051200100948,0.025220529419710456,0.04488466694172161,0.02466364351039126,0.023626408508321494,0.030365303637206492
2016-12-02,-0.017051210610557782,0.014622091865762608,0.017857558356301633,-0.003243346252228404,-0.019309943570410708,-0.03678572204661077,-0.019196525709948432,-0.02015833302489428,-0.012514125954741457,-0.02137329509801167,-0.017187810795242838,-0.012781907070370795,-0.009715712937028277
2016-11-25,0.015596363930233439,0.02490076637529502,0.01634919188324596,0.005886539136885606,0.017000253763677746,0.013922716135046339,-0.010719504272458323,0.015041643007553201,0.005485082095129191,0.0029780326230385286,0.008185655523405323,0.017648083726318306,0.014311237257653165
2016-11-18,0.014920986688892942,-0.014718487366002847,0.03368372749394633,0.005716594850195675,-0.005471620588164344,0.009775518977418478,-0.019715556954354865,-0.0029289966460359076,0.049365178323717375,0.02901737126567766,0.0064787916866356566,-0.019084976529733542,0.008029746960041561
2016-11-11,-0.003774100531956502,0.07771319461265407,0.017595834935716054,0.05502888595416023,0.06540581992216964,0.029319281216066414,0.028771538672540717,-0.015957762622474603,0.028235998285456212,0.005266385604417749,0.016083086480310642,-0.01778775942456033,0.037311115122821016
2016-11-04,-0.03873936314101194,-0.024563300793705282,0.009204287735002007,-0.01502977893514607,-0.0011802898868387055,-0.025525433830945396,-0.001909415749618644,-0.012869737673187342,-0.009500813828547458,-0.019565411413140915,-0.040405648940403834,-0.020475179132502467,-0.019579920516906373
2016-10-28,-0.025010039967253643,0.052983967657107334,0.024572163815064857,0.008775636246392738,0.01972036808922726,-0.011733047483167084,0.016523512556054106,0.002370780674491766,-0.01619291563694685,0.003513711243792166,0.004817407704862426,0.029329610898483547,-0.006912626784454458
2016-10-21,-0.00879472925850569,0.015828938820107986,0.0021741389101512577,0.018771269597633086,-0.031705010759672664,-0.06338171694008293,-0.035674794982457285,0.010978837282860471,-0.001403319726519762,0.03826919295595705,0.0029016874405402046,-0.03978836480843814,0.0038276435463539802
2016-10-14,0.03081930252160198,-0.00261824511031576,-0.011704208018812756,-0.012949683786607971,-0.00786793334662879,-0.017207717795332252,-0.014189303696299107,-0.0014390539202337078,0.005625367142103587,-0.00659613436043626,-0.0032879582791172923,-0.017598365634769537,-0.009685807538086228
2016-10-07,0.008894466684783822,0.015889556304930587,-0.006335540744003815,-0.00399258869355493,-0.020222110443025403,0.009228949568562433,0.0093525389241644,-0.014039441059596963,-0.016695482720319958,0.003466078481552878,-0.01646914131408706,0.002781566912549938,-0.0067237626507101154
2016-09-30,0.003012179493110773,-0.00030347759627159874,0.036612324504555475,-0.004405482705800063,0.024664327456747494,0.014945578195964574,-0.00573984335650851,-0.00987559862496657,-0.015568094204119858,0.0029559157753140768,-0.046390510183419886,0.02242221827943885,0.0016524869128281385
2016-09-23,-0.01941816348151385,0.0393116399378181,0.014006275363294013,0.007641482212144627,0.007382965538120834,-0.012824191641513756,0.004724599908672663,0.014137894457927533,0.016261815494770522,0.003138968963099144,-0.0005437878599605696,-0.003298938679166622,0.011863949405427298
2016-09-16,0.10824588902550032,-0.014340243828103998,-0.03445674873533533,0.0015136612460577414,-0.01195369951260815,0.06102286909805192,0.0001689726371235773,0.005056551722435269,0.006090606132444507,0.018333028014690535,-0.002714661252333392,0.020770710766667887,0.0053198779672246985
2016-09-09,-0.043637766496944,-0.020255554664841722,0.0033628722043408414,-0.02140950305217379,-0.024490678631052264,-0.017897537759878693,-0.009177030647690071,-0.032354542392315375,-0.010850328511915246,-0.02564225135702241,-0.0474725575054102,-0.022473001427753346,-0.024222383765645873
2016-09-02,0.007360294931029948,-0.00812487089306294,-0.0038564828183476323,-0.008331996217609054,0.0077390973223868745,0.022989566450810302,0.0023493190297113726,0.007817631312867897,0.01981449325144454,-0.006223098575333125,-0.011233025587174168,0.007054335108401343,0.005031001939401907
2016-08-26,-0.022377409426158172,-0.016575041374519383,-0.00982147418315604,-0.012317504298638654,-0.010805380681568779,0.0005672668796132818,-0.007365261201192318,-0.01375514555575733,-0.004968376170019247,0.007090421434484419,0.0016962351315683549,0.0030878136977370175,-0.006813894542949948
2016-08-19,0.010848800027774627,0.010017126199371212,0.012046561081604169,-0.004657524140757695,-0.011863747861282362,0.019195532227891856,-0.020497418608342307,-0.0025013799329159656,-0.03846456771009396,0.0006749405493635823,0.042485889937228016,0.0030971037517342087,-8.238795273866771e-05
2016-08-12,0.006491627201779,0.018599267228161655,0.016282983189051317,0.01048407022110599,-0.0009259841234658539,-0.011790071016573046,-0.008243868427843993,0.012569892179669206,0.002597040576995667,-0.0003450484351830597,0.010685850646402439,0.014581908878418511,0.000540395511647111
2016-08-05,0.0362992961278303,-0.014544986114142108,-0.019410420750853224,-0.0012513881075678207,0.01777193289793766,0.010988024253947248,-0.007936952053980132,-0.0034436615623473265,0.013172504774512359,0.02233168918007474,0.006286457702579477,0.002217399898159649,0.004255754100737938
2016-07-29,0.054728451170947455,0.0014224938788626566,-0.030558799244686324,-0.018176609133416146,-0.00898707144642648,0.005753717316399765,0.0015984423272001102,-0.049194090523731936,-0.0863453017090444,0.0019426036986653122,-0.021920166421470107,-0.0015177333464709898,-0.0006576466656287165
2016-07-22,-0.0012154294731141601,0.008124633670605525,-0.012882639789012988,-0.021164260437969123,0.014230356771396302,-0.011760059194297583,0.016369230366918324,0.004373454170376278,0.036928073447632964,0.052065757339796445,-0.019895981860036476,0.004422562837992811,0.0061290225421297695
2016-07-15,0.021488738293558372,0.01752568970122621,0.021341708426603084,0.0018051329513324777,0.03386273833324779,0.03098581217596139,0.0012204576928115795,0.005493996960793477,0.01878223692125356,0.02641671136768458,0.020072207655288787,0.00279421464386953,0.014838464089124424
2016-07-08,0.008204645887448809,0.0030794037519114854,0.005935125372039981,0.02332746467209538,0.01375461948338132,0.03745751175780246,0.012779480532414626,0.005745961601990966,0.007529563850821662,0.022038346527279224,0.01976383088978891,0.011609554927600772,0.01273388667227462
2016-07-01,0.026310276382178133,0.02474685403793527,0.021840190067913677,0.023846194294811232,0.03854093766895166,0.037329320562679305,0.04778908773573965,0.026728084707450937,0.008005334001375214,0.026340695229162863,0.05583713245979788,0.03017489763470543,0.03166168751260075
2016-06-24,-0.02045315895146556,-0.025748833686358292,0.003243935808909966,-0.03369255460234927,-0.036175336204056094,-0.00663405825772176,0.0012980756250005774,-0.019387479319253238,-0.0234175167948809,-0.006002460979434949,-0.02107321739620761,-0.01052075260071728,-0.01645838157909804
2016-06-17,-0.03605670317419354,-0.010116251345530023,-0.0040286981078924864,0.0169098731797676,-0.002496710233550189,-0.008777432861822258,-0.013162149361483187,-0.018799581944317946,-0.0007357537538694093,-0.02657359525569789,-0.02573198057470818,-0.0008416371378924402,-0.011926403644269688
2016-06-10,0.009250452000993366,0.029090678060952366,0.013028249840242418,-0.014381472322062928,-0.003407166482320494,0.013195244687400333,0.01941652410159735,0.02087294882325266,0.008288512845701501,-0.006003777852990855,0.030584502696847257,0.008812714112135387,-0.0014587221483182446
2016-06-03,-0.024513120745582807,-0.014341679884619889,-0.013420269223913789,-0.015474650724790463,0.0003269669468018872,0.0015826292750551615,0.014924225342755882,0.005789364067478725,-0.008212186456511887,-0.010181600402285326,-0.047075003629693656,0.012690772412411457,3.326385941118914e-05
2016-05-27,0.05247397344949405,0.014263130150071884,0.022100923621726866,0.00509840122958463,0.03726009938464852,0.04602232355945209,0.0037217666043617295,0.0187088726388162,0.005614055448195561,0.03303207826118826,-0.005147863396458899,0.01746715745378989,0.02251875987562857
2016-05-20,0.05061928869379578,-0.0364574497649352,0.0010406868335486514,-0.007388949256935955,-0.003186668219697784,0.007991945735954544,-0.0010199801019842563,-0.03135743232702793,-0.04989306282948256,-0.0020764164001785055,-0.014588399171651768,-0.01500805288127969,0.002786135220606505
2016-05-13,-0.024013593844703224,-0.0004675955505438071,-0.011056453837177065,-0.048733355372424195,0.012465630782234746,-0.004336868900172436,0.007246957116417751,0.0006619067781549552,-0.013492287818378268,0.013600407313167154,-0.019354588986813036,-0.011018772027428361,-0.005131858140794745
2016-05-06,-0.0048706348225622245,-0.011490054167099596,-0.003136566980734068,0.021839940869894613,0.018812064515105843,0.000643190885771988,0.005871419743998257,0.011540183639082262,0.03182296923145914,0.010373153250859487,-0.008690261248331608,0.02477778132967601,-0.0039589014140078505
2016-04-29,-0.11989070498737851,0.02821310042276908,0.001664897311309993,-0.0049268492782779776,-0.017389435951321655,-0.043934627207956496,-0.011002711995204443,0.005820370856830015,0.007857403727590272,-0.03758442482298731,-0.008279224322971764,-0.010306069159027986,-0.012644280483914425
2016-04-22,-0.03870013425957626,-0.0006101939922735018,0.047991697400691924,0.051207085883838606,-0.02145171671413438,0.005705139218078671,0.028100277444662293,-0.03442533124273439,-0.018004298746120237,-0.07207828122582814,-0.0011771780384630425,-0.016539344786052484,0.0052010144536657945
2016-04-15,0.01089202170583952,0.02509687736129646,0.00929932271418409,0.022256157867307027,0.015744073512147228,-0.005389132984807252,0.009850434129465707,-0.01656471191906956,-0.0014077291988464956,0.022350499983633417,0.0013453472953602126,-0.0027240516514611627,0.016050420186830422
2016-04-08,-0.012165673512803548,0.007220151491384142,0.021722905819550255,-0.027113012213792316,-0.021003309927778768,-0.025594530048451598,-0.0008246423668490082,0.0008536759443181826,0.007373237057305491,-0.020911806891457236,-0.03586868680588593,-0.003958440559708739,-0.012222351545580285
2016-04-01,0.04006843703900771,-0.039838548681502384,-0.006239654863373695,0.018850140035442376,0.030421439126601016,0.01772165702840948,0.008092035422565702,0.027055040284964933,0.02980511964851124,0.024778077413757434,-0.0009736788036787435,0.007691329402886216,0.017933115699168455
2016-03-25,-0.0023631235291708412,-0.01383064142241841,-0.029502629766364145,-0.020161467379018392,0.005829782731788391,-0.024784331532674647,0.007506715745778258,-0.0004384665736605238,-0.006387218702354945,0.01337077725257663,-0.021502749838167388,-0.003131647832288273,-0.006677332441074935
2016-03-18,0.035165398069705776,0.07219201918461489,0.03235342934476997,0.012782923372139852,0.032685503075602224,0.028555524057110676,-0.0019517539190615364,0.008810553140534434,0.020600829163846465,0.007882822024179528,0.04729893167984962,0.01698046254450088,0.01345387879038044
2016-03-11,-0.007307466186912299,0.028980396842759958,0.07290480549650177,-0.005498440633054434,0.03255592638406117,0.036227783592416865,0.011297462561220424,0.032178753394070614,0.03661454610442089,0.019791438128419,-0.019449935233083835,-0.02106120483722031,0.011038877829937944
2016-03-04,0.06104350566413339,0.02432930427952532,0.04156640480985561,0.0327187663234362,0.042773949576067796,0.027471556739837935,0.006783473708740917,0.02223586939599356,0.001024629200653991,0.014129741284385773,-0.019063376369548246,0.029044094939751932,0.02631327815199001
2016-02-26,0.00901803115208023,0.025717101777534678,-0.02516985992572269,0.0031525000586802615,-0.007921310405299305,0.037262921889310484,0.015433372879813348,-0.014497893096969422,0.012084960604990213,-0.010085534243937504,0.053987366676669576,-0.00847233073142157,0.015660615206836422
2016-02-19,0.021576394887734843,0.05837481758745928,0.025051125702286483,0.04147571924443056,0.09482935646468119,0.002440990697510812,0.029942745041762003,0.015193565246654403,-0.011942520680924454,0.032957159301022075,0.049954246656971416,0.009829517629086465,0.028025182965989496
2016-02-12,-0.00031931552931429164,-0.1114418258569398,0.03030355903381285,-0.02972387065282421,-0.05018975249032477,-0.013869930302888375,0.012650789515831134,0.015663754967560742,0.02168696668655427,0.006755341060788281,-0.013205624504515845,-0.0025895399016412878,-0.008155299073410146
2016-02-05,-0.02929086643464227,0.02002623606560698,-0.04240389000975972,-0.020241050554776315,0.02984120139813194,-0.05719488577291279,-0.03805713079093255,-0.011246771361415282,-0.07010140658416641,-0.09375030577746458,-0.08126629491907664,-0.006016601076757238,-0.03151327331381011
2016-01-29,-0.04106033548341172,-0.03661419094859303,0.03447209114153538,-0.011208022122305079,0.01852127951021005,0.03577106314994409,0.07648248322149244,0.02024092095618594,0.04443704947572627,0.05216294844129231,0.018390880116130697,0.05446183839806204,0.017332772165508242
2016-01-22,0.04321993166654844,-0.008152340452448475,-0.0015548793148762367,0.03144907267708135,-0.0596539794985373,0.005696010340996118,-0.0025806403296045055,0.013403714459297672,0.02757256911519392,0.02517566676792057,0.05607672874097536,0.039925360797773646,0.014031629491637075
2016-01-15,0.0017517911930852816,-0.034116641729156426,0.018577167395714904,-0.055411548802617526,-0.012229866065543233,-0.057139654923824605,-0.011887900110485555,-0.0002407998930748687,-0.0026013019215628697,-0.025940170825633532,-0.022503644222090592,-0.013117202539828617,-0.021934664302715262
2016-01-08,-0.08213485894282899,-0.10644452315608888,-0.09106180720799342,-0.05708007763588742,-0.04450141330201994,-0.08920385763009055,-0.04540802212925407,-0.034335180413626244,-0.02277285037367788,-0.05845287875787674,-0.05983500609901908,-0.04428565484588785,-0.061497354581965584
2016-01-01,-0.02597545158386881,0.007358243358624728,-0.02296687309720661,-0.007395361946318542,-0.004567213440600966,-0.015267618163220817,-0.00968816990194178,-0.013410803090478589,-0.0036332372983658165,-0.0034187213243875186,-0.010821370108465485,-0.004773969538355389,-0.008307156193568102
2015-12-25,0.01868687820298888,0.027905921638944294,0.02463562165019296,-0.017417831069690987,0.024529869043727465,0.03224678053491526,0.017212631802971733,0.024176116549429166,0.016239732427247494,0.028052813085925974,-0.01694940063960899,0.021024124036912343,0.027268083242996524
2015-12-18,-0.06525740565244507,-0.035471663905935195,0.038245933737396806,-0.0029663734117439085,0.002449057662705792,-0.011740670387995202,0.002651682262995305,0.005426365148695902,0.004984178941633939,0.0012939635953249,0.01750364537855075,0.0044897718072434804,-0.003394767678296077
2015-12-11,-0.05039598954209547,-0.026475244334098362,-0.037131750163420525,-0.04941008712585365,-0.042624301368424294,-0.019362236781768682,-0.012412753616524703,-0.02384382873452381,-0.0010331961838569961,-0.033648530531386,-0.04186993580214555,-0.0006425539398818915,-0.03865919399291833
2015-12-04,0.010302271307020588,0.010492580860672823,-0.007330125862144536,-0.007760430096626814,0.014127372161083004,0.013833402161665965,0.005649737849567677,0.003239090167699883,0.017098843158726694,0.03605635828483198,-0.015000474574452697,0.027748840918746003,0.0007555760949956367
2015-11-27,-0.012568182095074213,-0.01653468333803987,0.01516386591039239,-0.04201314647688665,-0.00028857866529522706,-0.005787006763251491,-0.0010739040701854797,0.02446640705512462,0.010615359630600379,-0.004809634158954997,0.012585103961798478,-0.001584047156657527,0.00044992678611458284
2015-11-20,0.060111400809001236,0.04665369077908811,0.01585331940708649,0.04453514018376051,0.04996394245422814,0.07641856754395716,0.03304288816638716,0.025058117433857562,0.03520110490680582,0.0319456758765185,0.08484152476271892,0.02483765018800442,0.032165470695056736
2015-11-13,-0.0747562949416923,-0.03683341458636158,-0.0585795468231415,-0.007201415839913452,-0.04815736128802489,-0.05247607658682174,-0.02021877950857797,-0.013919129831556623,-0.029919846496079195,-0.03860896379790739,-0.07826120395815188,-0.021534881085150077,-0.03695494654242761
2015-11-06,0.017241220825859847,0.005285442640226412,0.03407401561555555,0.016826243595596674,-0.0038135277299994083,0.0064289417457821085,0.008770614461644675,-0.009251595903258811,0.009398853807677278,0.042401152908206514,0.005707796117643864,-0.010661497086493428,0.009496090908723649
2015-10-30,0.0035208848112428573,0.009295685971351973,-0.003953620996287738,0.005731153748110611,-0.032310761413573884,-0.030252453418562763,0.007152189837572709,-0.010336079904427881,-0.003024145707606756,-0.004359749547075325,0.003823169412246811,-0.008473912278892035,0.002026812515633192
2015-10-23,0.06990504588040551,0.06403837673612793,-0.0005476472086546904,0.0438329100307048,-0.03870747936846435,0.05476782506734098,0.020851780195353126,0.018158786673267452,0.07150804175011426,0.1068957446318791,0.0004596417437669635,0.03698707144194872,0.020466759965749846
2015-10-16,-0.009679223245096517,-0.015146037617487701,0.01902061963781709,0.025071574608488315,-0.013211260951128475,0.027617737511331644,0.02964959093539938,0.0,0.01984851884357623,0.00845502858764459,0.04330974848790329,0.005623445320199401,0.009002022252917892
2015-10-09,0.015640624823734944,0.052461951029044405,0.09380411015683293,0.024550383977132977,0.052609934981494993,0.052046626465795554,0.015214385436584432,0.0395636224831627,0.029328465053135862,0.03323570198489201,-0.0021587210438599055,0.02804794190328823,0.03203805309163063
2015-10-02,-0.03847815747742938,0.01176151533933132,0.04836104869879279,0.026563286416828296,-0.005792865849038338,0.05733210141726308,0.03169011887114974,0.019248247144030187,0.022292723641598337,0.03642446973197768,0.0016786729636110343,-0.0034458933134974188,0.010312512775280154
2015-09-25,0.011044858742639356,-0.038042726230658346,-0.0005145082886407124,-0.025008736924742068,0.00627722535184405,-0.007262753862255255,-0.025924702069218333,0.016285232171903957,0.005548784730666903,0.010524046764087582,0.08294673067882591,0.03829061902667341,-0.013724835643169562
2015-09-18,-0.006676554342484822,0.01048918270718855,0.025403555819629445,-0.01582130642290665,-0.019597707173899394,-0.015387574623324544,0.004937605216183816,0.022047113609871445,-0.003702717142458877,0.0,0.028476435177530793,0.021972728852649562,-0.0015411885124426363
2015-09-11,0.0442171424843183,0.03714090544726755,-0.011544337831249554,0.03417229231586251,0.025218853002228633,0.0327672255199316,0.017586320560590965,-0.0015496658576247743,0.02663218722302795,0.02021210015850044,0.019232179368167502,-0.004957049767205311,0.0205196832509959
2015-09-04,-0.03612901608933701,-0.026465681880708938,-0.047876678013202424,-0.01484427794307205,-0.029349672032823335,0.0035124183085819723,-0.041404260770537424,-0.023856417825076717,-0.014652307744071516,-0.030508394303634907,-0.020223335567942383,-0.035011092074954425,-0.034606249924609
2015-08-28,0.06877838633158949,0.01154948496824755,0.059816938889343696,0.036165456882435144,-0.005861951103619188,0.06768672198020012,-0.0040896211197504915,-0.0020258719345184954,-0.00032967523519870516,0.019770720116770807,0.051340087000963174,-0.008807974696972653,0.009081410754623657
2015-08-21,-0.09207290804970242,-0.09675180706062353,-0.11413915977997027,-0.08082072214495307,-0.04531280317303789,-0.08857879118538896,-0.025823941668212166,-0.04259140364489546,-0.021793257019338166,-0.08074828765157084,-0.06773824741630596,-0.05127933163263319,-0.059415430403592005
2015-08-14,0.0038016549071125194,0.018573683839419146,0.026394851610906336,-0.020230641359304913,0.004053154702359742,0.004836072240159741,-0.0004046035511395184,-0.012527023935932234,0.003532222043472818,0.0055471673051107635,-0.001310770489204432,0.0018527540071808194,0.006701681139131765
2015-08-07,-0.044306927335821145,-0.005852599505607017,-0.0549406190725835,-0.09293797892613187,-0.035068743677690986,0.0058520240930991455,-0.013664393429966198,0.01665664186183984,-0.009457924533406345,0.0008562323228357488,-0.006181269605646443,-0.016033894734778457,-0.012565313930213231
2015-07-31,-0.02603874445556765,0.0007633043879877446,-0.023677557389625375,0.009124726344360927,0.0139244964197647,0.03122511922214909,0.010634008640988879,0.015702008390404767,0.038379856895403165,0.016407977774780817,0.019544085146562664,-0.04574344318991045,0.011564724984459651
2015-07-24,-0.040301536519330675,-0.0191135530442131,-0.027756924221073703,0.00042060527835588294,-0.07684494314090436,-0.04902789171410274,-0.009335912623843381,-0.0198316263163125,-0.014463053957196251,-0.014693310584092362,0.0016830333992058212,-0.015842591023610644,-0.02234365591062092
2015-07-17,0.050148821181799565,0.016202179671903835,-0.013435652136616518,0.020570164211629088,0.03276085293343647,0.010232184751849066,0.005510590128717968,0.02106902107036087,-0.0015372558915416415,0.044071453308256285,0.020419884015405412,0.01580999337570532,0.023801590800711613
2015-07-10,-0.02530969286266491,0.02999971353289479,-0.015346488582994991,0.0127050114290862,0.011203674881455532,-0.04655113158827724,0.011011942955212795,0.022534478718453578,0.015272305052655278,0.004718605891474326,0.005898598441136436,0.012680350826784315,-7.700293468362091e-05
2015-07-03,-0.0024487572726673394,-0.016060240041124826,-0.02807805546052482,0.005625140581808547,-0.0022388475703364868,-0.014940346510792806,-0.012116349478954068,-0.012831807115521527,-0.011578779370717877,-0.019184224991503584,0.001457313587187819,0.007409087027924194,-0.011827980942475178
2015-06-26,0.0011841675484172535,-0.018428054275335407,-0.008784811256245187,0.020825887370593394,-0.00920424825167977,-0.03328876347812239,-0.002205777453926882,-0.00995045085247517,0.012515002562872881,-0.01838938659148645,0.02941383862763894,-0.01501165454279343,-0.004036591213537628
2015-06-19,-0.004492234809316941,0.016184710935614827,-0.004013254761127628,0.023993546306829462,0.0,0.023664102535562562,0.0152368282103856,0.010950957701425984,0.010672831841056215,0.0028241110033768173,0.02615335837195662,0.020952975865204542,0.00755451019549363
2015-06-12,-0.011570700792579651,0.014601847720054992,-0.017075563433720527,-0.003178215875174655,-0.0024521249039372653,-0.01646658536608257,-0.0024371792246571716,0.004718946893548777,-0.005036630142122922,-0.0036912938754423137,0.017006273631062028,0.01842669146326815,0.0006114388949068927
2015-06-05,-0.012590413255402232,0.001493302663639338,-0.013784088845445812,-0.0006343713781084781,-0.013351290808303775,-0.07907568530883557,-0.015599321553842293,-0.021219776395639513,-0.004073726057554844,-0.015484215914281096,0.0035348053224663147,-0.0123222161381305,-0.006932909904194098
2015-05-29,-0.01719860445786707,-0.03007245828529568,-0.018183250246045796,0.000996996510615622,-0.015035523213675612,0.029747337858027714,-0.012011005525547928,-0.0060849729716587935,-0.022747396024767122,-0.0008532172653416454,-0.021324518582305635,-0.019705109702951244,-0.008820365070869573
2015-05-22,0.02885669651413238,-0.014193465099299597,-0.02949665927521291,-0.0003626251325071244,-0.006020592706194319,0.013847241237259389,-0.0020638217866272,-0.0074941881783968335,0.009643114015001971,-0.022936077366726215,-0.005252946005106937,-0.013664742785873554,0.0015675425951007286
2015-05-15,0.008970652418266958,0.00971485986120294,0.0041926573092311145,0.0017240436420832036,0.0033532189166635964,0.0057759843598810265,0.008146424615120695,0.01309086255547598,-0.001936028784378052,0.011452630365588513,0.024492558954409348,0.0011110247325070827,0.003128168520256474
2015-05-08,-0.00619906767599719,0.011833642282401455,-0.00358311907583562,-0.0037165615633964746,0.009496760421355808,-0.011520810353377627,0.013293908031041076,0.0017096329051202632,0.004387074942834613,-0.018878198721353656,0.016337486156805532,0.008310075236373674,0.0036976072972274205
2015-05-01,-0.010261328605622368,-0.025455802241280204,-0.0075829819349191975,0.008997999619061765,0.022653361778636288,0.04092162628643605,-0.009442949203145184,0.0004891343243172209,-0.00956545957516178,0.01636825627719402,-0.0016854459690596746,-0.008804197853263782,-0.004448633238562826
2015-04-24,0.04337432939519076,-0.008053945843547664,0.006941200660198416,0.026271065507689897,0.055151136831987656,-0.012083770547309537,0.014950733292696338,0.01453413195145263,0.03987712368718897,0.13990837678702148,0.02406119537736559,-0.010702379689722428,0.017390836237946003
2015-04-17,-0.018662528103691154,-0.031452070820972,0.02036897128865463,-0.002433923406938218,-0.013538712567766986,0.016770566480819645,-0.02459933536991585,-0.014289516557293797,-0.03031166411202733,-0.00239990277598702,-0.01430593891073407,-0.009886825916323748,-0.009982836485074531
2015-04-10,0.014103631153356838,0.03359347518336292,0.015364157609126046,0.008922256952310522,0.01490860843698106,0.035706876079454254,0.023997329552233184,0.004904415102566885,0.020348815316369555,0.0348772331298482,0.0031055141643939453,0.01109945207991594,0.016838934432032705
2015-04-03,0.016655583598440837,0.0028848958524361487,0.009543896953923398,0.004917652957536576,0.00031185065663036544,-0.03789659922839254,-0.007000838649924516,0.014859096832618936,-0.011722555127531595,-0.016736903052095985,-0.0022048354325956295,0.001456718469293492,0.0028778943342870796
2015-03-27,-0.021273026190212676,-0.03725520752018697,-0.026029627063140263,-0.027583381789886837,-0.015343278533314363,0.021798163259772938,-0.020322382832049613,-0.01412141957313206,-0.0009279981048532423,-0.04556540278054142,-0.020807433045895166,-0.029095185762796665,-0.022586098779139384
2015-03-20,0.018518243984412756,0.01914624411601263,0.05186876778779656,0.018523273577579477,0.05424466119000102,0.01221097093100878,0.03164797708867709,0.018371915831233418,0.007238831222506981,0.035607953865069354,0.06240983469757765,0.034943874495653185,0.026290206214478692
2015-03-13,-0.024062792664308493,-0.010173954185852386,-0.018814144377475785,0.024922969175410366,-0.02698516780402732,-0.07052196681563568,-0.009030865329027008,-0.031284773304718363,-0.008062754416988395,-0.023406766089659376,-0.011415650234643642,-0.01009183447674208,-0.008660214420370906
2015-03-06,-0.014585171596439512,0.014935647152805778,-0.029779156909134324,-0.002501357063498772,-0.021471558547177614,-0.0018060951410552558,-0.023690666431196918,-0.04197740888053985,-0.018059033261924283,-0.03457023661120843,-0.0021648033802016144,-0.029443709045339734,-0.015920786651114346
2015-02-27,-0.008063060198134709,-0.04826893418434122,-0.017837746835638157,-0.004505573540129741,-0.010503992109959647,-0.03429244832886165,0.022193531957654836,0.031197632280726334,0.057448084613361663,-0.00022819525840978114,0.028608490935234827,0.00305866593779086,-0.0027522314670890245
2015-02-20,0.018863900821718994,0.055721253043556275,-0.037767663021822856,0.0036412108812541766,0.020059335804478003,0.0014539985060751195,0.013379473327210244,-0.0004765643669898305,-0.015381764804635023,0.006863561075176967,0.03091647958850902,-0.0120631122257837,0.0063271622731198565
2015-02-13,0.06628163280385192,0.017787473116254806,0.03828711082208354,0.02085540917372429,0.02320989788797818,0.03133581346004896,-0.014747069934043984,0.012943558827499518,0.017507411557574855,0.03384643993865661,0.002719925553722654,0.003381734708338474,0.01999846027091859
2015-02-06,0.018933463540420758,0.017929946949791976,0.06677322171383947,0.11474910234392896,0.028988860574027078,0.014985548815473206,0.009540710629806354,0.006778287015771535,0.016628587315788645,0.04855434619978871,-0.004998938518579347,0.015538934445656225,0.02986548536615979
2015-01-30,0.036329770920714814,0.07682638149271927,-0.04127047581367021,-0.04050547026418665,-0.016560117436328792,-0.09822250064450656,-0.02036231303788948,-0.0506739579092551,0.03165116158616596,-0.15514019384206254,-0.04151116459222404,-0.06643517925036754,-0.02808820451864388
2015-01-23,0.06386610019619027,0.028939307615936535,0.016323063630030322,-0.0048445115004715844,-0.00811477480692781,0.0,-0.01784387772607331,0.018174057704876203,-0.02132077301886648,0.020124775499421335,0.03352137209881147,-0.005822048924932231,0.01591687404468792
2015-01-16,-0.05524344718138195,-0.0057944668363086186,-0.02897098050852595,0.009819083698961487,-0.012458738631821184,-0.008468667999697818,-0.008613259975319686,-0.011688189706133424,-0.01862563092021579,-0.020336693563220286,-0.031752059251835815,0.011019551239667868,-0.012494541237155413
2015-01-09,0.02421731480106471,0.012161286286679096,-0.03959023082071091,0.0053189151321753345,-0.018370534829271007,0.01094085200926069,0.004010317844181293,0.02090017977313338,-0.0005363298258830912,0.009153817174639882,0.010051394526029806,-0.002103084795936819,-0.006526886116153318
2015-01-02,-0.041739888710356554,-0.012845450912873252,-0.0059337526556433855,-0.013560889695484852,-0.0017264196560801736,-0.03220410310526309,-0.005153134217237662,-0.01927181974402749,-0.016167021466154237,-0.02366949772559487,-0.01876430731975241,-0.032846777149747666,-0.014743594948722195
2014-12-26,0.019578129389592205,0.0418895772025307,0.0028295478694239725,0.02277662247738206,0.023875355163641285,0.031929145023928726,-0.004653208562061939,0.02379094084041935,0.016596136904892443,0.004605204178850884,0.020765627059287528,0.015201467651666875,0.008712865241103061
2014-12-19,0.018509747784874752,0.04421778946610998,0.0980770839313433,0.015186375799818767,0.019943617101897217,0.003856777332792207,0.010668037192803397,0.025103991154727688,0.028287334292318597,0.01500932183211131,-0.013926092670799731,0.0275349755479357,0.03355103982062233
2014-12-12,-0.046909287699449166,-0.09050377480843297,-0.07966723474450202,-0.011878871176703939,-0.049531307828203794,-0.03897631952048501,-0.03832554945170286,-0.06207594680550897,-0.06089731524723888,-0.03082983459319975,-0.026579551549914898,-0.009225906777090087,-0.03582802691560266
2014-12-05,-0.03360286146417875,-0.016131036607516178,0.01820391196395264,0.013421642268402796,0.006759845512318969,0.011211722933744379,0.0023987770649279722,-0.02942731724188699,-0.005178034724321821,0.012678064806339312,0.0004028873742488775,-0.0005530765882383967,0.0037703108283433707
2014-11-28,0.020901154679453273,0.011829060503482916,-0.08543331334291789,0.03912993176002936,0.007737807754323599,0.045587460703775326,0.003609459877425231,0.014276704420229427,0.010145035176923292,-0.0035494352108360753,0.019013308611153208,0.020444108197080087,0.001965626376400644
2014-11-21,0.019857659616969624,0.029967043373074116,0.019242727553047685,-0.02047258556480188,-0.01993416156468798,0.0471757172777582,0.0037141882094405233,0.040588198846104075,0.004873433108005412,-0.026515821397257007,0.01990513366173927,0.005545906222210166,0.011542028014378952
2014-11-14,0.04633671732327041,0.03482247030688653,-0.011865339297705824,0.008849830547766117,0.012813341282146055,0.010958179275289958,-0.00037001741216794164,0.009641595508954867,0.011604497587046602,0.018319244745354762,0.018174751215084415,-0.011509817463648132,0.0038803616792513883
2014-11-07,0.013635156688672876,0.0021284998653797326,-0.009633560911495188,-0.015216993825978227,-0.007453190170111153,-0.006188401651860259,0.0038893557335205812,0.01045141782913243,0.014510674759428854,0.036185224899442064,0.008674663277345205,0.021089126640120248,0.006849457604594451
2014-10-31,0.02607768329905197,0.021607083712573444,0.034260895168155475,0.03078179770003808,0.014212390876239076,0.024707428998743865,0.04410198229381151,0.020504587470209966,0.02222291027712786,0.017619355510609936,0.02251709230079112,0.024474757458305244,0.026853263291457444
2014-10-24,0.07445907843174321,-0.008147251872605545,0.036102369091412366,0.0554538672831365,-0.11619137054866546,0.055776376585645285,0.04390541578877743,-0.04410176449217067,0.00689629727136592,0.05571874713589264,0.04178493052749996,0.0300791269819639,0.04041738203267806
2014-10-17,-0.030849296796841716,0.014219295033032556,-0.01852137247041148,-0.028690911595476112,-0.021088657082118656,-0.0167486075325964,-0.025310325429613888,-0.036409453643865,-0.013745177300371739,-0.009126103006441004,-0.00011471106150080375,-0.016908958054248805,-0.010213933607403372
2014-10-10,0.011080518481443279,-0.039220483863210295,-0.0329909399959521,-0.024955587604568674,-0.01462942005682622,-0.06432296674582046,-0.037802457651446034,0.03361473389685674,-0.027358015772636853,-0.04572503109979585,-0.03493709664085678,0.010684104792528477,-0.03189198533110593
2014-10-03,-0.011278978413275012,-0.01827158089078102,-0.03144344976702304,-0.0032733684965917413,-0.007340352722736439,-0.0067361674446077,-0.01856543622252399,0.018779624208868428,0.0016882083752763394,-0.006918770861874236,0.008787802112988262,-0.009384543822914034,-0.007568195080942946
2014-09-26,-0.002082322484964808,-0.0051155516080359596,-0.02704503039741691,-0.019528657135581363,-0.02051822234163972,-0.01621339816529843,-0.008275549951667682,0.003561165230272012,0.0035966416203116395,-0.023635772774312478,0.08983973957934145,0.0013013615613474666,-0.013798527577576696
2014-09-19,-0.00690957350173182,0.01872868622679093,0.01729614557706321,0.00910302019848075,0.014119929366488775,0.005760477129945752,0.032086327121957595,0.014129966426486075,0.010868585271271072,0.017406611572517845,-0.0003669370134249839,0.01442853165162103,0.012442782097989191
2014-09-12,0.026817333342322603,0.01796264912953943,-0.03791552044341432,-0.01406346017670632,0.00041825648546747816,-0.010916586024872204,0.0015311059007862755,-0.0018644090556836242,0.0028966587114303537,0.01706100146276731,-0.002440893443228967,-0.006106804805748372,-0.011103812576524584
2014-09-05,-0.03504611810425578,-0.0167804433411434,-0.01596289452435607,0.011724318184619711,-0.00573673183508445,0.0022883151976981304,0.0066297109813964385,0.002871997014728632,-0.006959548850576288,0.01051040022192707,0.04347167409819339,0.007909645529677947,0.0021639896193672015
2014-08-29,0.01157873948668091,-0.005191469831610657,0.018241881498362672,-0.006763878206394164,0.009877115447518093,-0.0005725861570779547,0.006092095329570898,0.014485957696901784,0.00947707908001638,0.006182463924316214,0.0027712579272393895,-0.0033630135521436556,0.007500452735949816
2014-08-22,0.033520676430794365,0.034318035951009726,0.007977704317786806,0.013461908599401528,0.016040658580173076,0.02228434495601279,0.025638355134687964,0.005853705263809749,0.0070124652059694904,0.014231797234750251,0.027619193058761714,0.019495801953048363,0.01690939362681622
2014-08-15,0.033627174129042064,0.020756502332768663,-0.00539700218453871,0.02759503632252474,0.004010848503254527,0.047035903854249335,0.0008898118943076855,0.03560685645783971,0.0025622288388145566,0.03614415014904493,0.0009082832253502958,0.010200754205449561,0.012077433335091384
2014-08-08,-0.009603498909992047,0.008112513452706398,-0.0003130765674180606,0.0170706308831095,-0.007515821346759417,-0.02774221812877996,0.011742737242416814,0.004064024673139928,-0.007985362125633357,0.007901548176395176,0.003640025064650803,0.01618946507358705,0.003339581098015491
2014-08-01,-0.015893027326319597,-0.023155784383806534,-0.04337683208250102,-0.0099063878925062,-0.02737748514692764,-0.015002397127081447,-0.02188118055781856,-0.04260169243250814,-0.014945786850108245,-0.03755019820207312,-0.012168348269260713,0.0011305044788855242,-0.02725419279318738
2014-07-25,0.03373559427432299,-0.03540477776439807,0.02409560636340588,0.004882798552770878,0.009821801113410402,0.016188718183845586,0.003040675639524671,-0.03428370011152104,-0.033591592029074614,-0.004260356035061213,0.0025765567501413768,-0.012366497599382046,6.065622760559851e-05
2014-07-18,-0.008330947923999885,-0.0035192083300190397,0.014834606586079897,-0.01250749300177766,0.02365401797074298,0.07547835653443788,-0.031902177221860145,0.010900541647422412,-0.013844927460053023,0.05993958306470493,0.0029713433699180836,0.00040748306275732493,0.005398184437678429
2014-07-11,0.012575948947651858,-0.0032734208020156167,-0.020951335452538786,0.0005756036387622613,-0.002815021768039649,0.003526405729197569,-0.0030400121668746646,-0.006175812837764256,-0.006058891303149728,0.006913618771275543,-0.014896354885874435,0.014645809054421255,-0.00904127095147052
2014-07-04,0.022042602942864403,-0.0002335878490582318,0.006346912570983469,0.01789289189206542,0.036844812899496406,0.006766500478887532,0.004087366773875408,0.0009474329782299578,-0.004741798809328142,-0.01070791232351629,0.009863090528064899,0.01207562531945645,0.01240639296612989
2014-06-27,0.011701073238288104,-0.027319191212580536,-0.01507445453566845,0.029504803297914734,0.0008811850539106243,0.02388473901643553,-0.002663561700940374,0.011922066783389198,-0.004523832597503434,0.013582980394245535,0.033777440344043425,-0.011450455194234306,-0.0009735560267804128
2014-06-20,-0.0040614725067001055,-0.0014371389062971982,0.0391419687454083,0.0002414224397809228,-0.005547833647659133,0.010987256194754864,0.02637313687990648,0.0321742835935857,0.01412990522424793,0.01085525592267677,0.006411990521700364,0.0036350669131386295,0.013701037760350214
2014-06-13,-0.010292101082968253,-0.0440670503750035,0.024419758853229175,-0.021624359260661644,-0.020655175190670186,0.05859703015437963,-0.0063196606339249424,-0.007748672386463,-0.01452215993721888,-0.006045119943580556,-0.02134652675008416,-0.004885133105158185,-0.006835473951310977
2014-06-06,0.019663482324604645,0.0219386853173646,0.011336964678144022,0.007116799788052125,0.010843783461725574,0.030638640813550555,0.016810327132531225,0.0019537383797876453,0.005211467053656077,0.013103674691393567,-0.008880916436870957,-0.009451477122700686,0.013359315110449245
2014-05-30,0.030263779679885118,0.021221662261827784,-0.004712364910867072,0.008247096386716899,-0.00853389620000071,0.038430248820118494,0.00474211100961709,0.0080990667220218,0.002424384426097243,0.020232605097193393,0.02019135645179248,0.003347522248179534,0.01204999656786551
2014-05-23,0.027435711373511272,0.012157321211772175,0.0015412399558699685,0.03579896695388191,-0.006005265176606221,0.018039294098915064,0.010914187717610402,-0.007609963845193669,-0.011114651617301833,0.007254749835060645,0.02550392638594769,0.0023625535574690036,0.011999987272514582
2014-05-16,0.020236557049719682,-0.002214673425619825,-0.006407276784772947,-0.01921961879639301,-0.01601586586334373,-0.018419414035484527,-0.003275300558377753,0.000488999914536659,0.0020381049512979295,0.014337332104090801,0.006648989195820426,-0.02532123002267773,-0.00033010590703023166
2014-05-09,0.02770478072509931,0.014483028373470376,0.002482700284390234,0.020215248496938957,-0.0013237447736003832,0.0043819400237263845,0.015982761285653863,-0.001955449117889985,0.014680366861728635,-0.003786272781556083,0.006282473333384738,0.005720995842668779,-0.0014150554829502216
2014-05-02,0.035452002993230654,0.009899648558785206,0.005870273379115896,0.026240952660187274,0.009499623827667723,0.005696034814482668,-0.004822113645640027,-0.0014640744570605447,0.006925152242088965,-0.005527897483806737,0.003981165590831443,0.006245010935014224,0.009475195104729883
2014-04-25,0.08575005424716912,0.0057681999825650206,0.0025032546168711816,-0.0222484913651704,-0.002001538308150606,-0.02927035315478616,0.008352470637801007,0.007096482862957884,0.004776856592943344,-0.002502471348441327,-0.018128887836887306,0.0036629434634450606,-0.0007778191232360269
2014-04-18,0.010205660221196127,0.04681052482633353,0.05526728888028071,0.03796637899510818,-0.026897231506978002,0.03232136016489314,0.021346073192856266,0.0526902655349053,0.00962201690709531,0.020197628935212722,0.038275531165837866,0.012306286412230789,0.026715079770083958
2014-04-11,-0.0232269272101052,-0.042580227320901866,-0.015011085202968486,-0.04345191335807414,0.01767681225533531,0.0007644399600151998,-0.015874306649610696,0.010670244317228357,0.014404960437422846,-0.01669228889496363,-0.022070145985355658,0.01233428037451323,-0.02684376280737816
2014-04-04,-0.009432456681213976,0.023190369772973864,0.0025286096502086922,0.018065904884948518,0.006907013146011179,0.02085810712353792,0.01000712015783658,-0.01891990256878376,0.006457810364148075,-0.010727262217938318,-0.009564741613008923,0.000125324916648151,0.004013195281951465
2014-03-28,0.007460575551462006,0.015220565543477406,0.024517415020461616,-0.017070770577079942,0.02004738990527465,0.017720541202969675,0.015618040510900278,0.013180116952890578,0.018369972511914023,0.003480155969706318,-0.02245461203144908,0.023853046615146506,-0.004779649480204938
2014-03-21,0.01546967998214698,-0.004314337395229642,0.01332018228194004,0.0034906821333816566,0.024182609611860254,0.026979438568915635,0.03306450818910047,0.0070487578992229636,-0.021860426598756446,0.06321104924566363,-0.04051861920765204,-0.0140256296443537,0.0136962290021766
2014-03-14,-0.010899308243591614,-0.04316201470454155,-0.008552376200410472,-0.026375576616067344,-0.029578768576637538,-0.005697913300894977,-0.005480030424405085,-0.002014316059859816,0.021546486532626297,-0.005291156649017539,-0.014451159482239802,0.007625988959267813,-0.019849184309624936
2014-03-07,0.00794949656973423,-0.00295186846878847,-0.0021700280558244298,0.017176162998969475,0.013464326970786677,-0.00485826430017199,0.012942354275042745,0.009120617431593921,0.0036714639933480174,-0.010759796967002425,0.014706533677063788,-0.0035661328043714623,0.009947981859149177
